id,title,year,artistName,image
577270a7edc2cb3880bee0e9,Phenix,1905,Paul Klee,https://uploads7.wikiart.org/images/paul-klee/phenix(1).jpg
577270a2edc2cb3880beda1d,Apparatus for the Magnetic Treatment of Plants,1908,Paul Klee,https://uploads7.wikiart.org/images/paul-klee/apparatus-for-the-magnetic-treatment-of-plants-1908(1).jpg
577270a4edc2cb3880bede4d,In the box,1908,Paul Klee,https://uploads7.wikiart.org/images/paul-klee/in-the-box-1908(1).jpg
577270d3edc2cb3880bf82ab,The Big Wheel,1911-1912,Marc Chagall,https://uploads5.wikiart.org/images/marc-chagall/the-big-wheel.jpg
577270b3edc2cb3880bef527,Feast Day (Rabbi with Lemon),1914,Marc Chagall,https://uploads5.wikiart.org/images/marc-chagall/feast-day-rabbi-with-lemon-1914.jpg
577277bcedc2cb3880d589b9,Relief  Clock,1914,Jean Arp,https://uploads0.wikiart.org/images/jean-arp/relief-clock.jpg
57727101edc2cb3880c027cd,Bookplate Bastiaan Kist,1916,M.C. Escher,https://uploads4.wikiart.org/images/m-c-escher/bookplate-bastiaan-kist.jpg
57727204edc2cb3880c38f81,Invention,1916,Man Ray,https://uploads5.wikiart.org/images/man-ray/invention.jpg
577277bbedc2cb3880d587e3,Automatic Drawing,1916,Jean Arp,https://uploads5.wikiart.org/images/jean-arp/automatic-drawing.jpg
577277bcedc2cb3880d589f9,Terrestrial Forest Form,1917,Jean Arp,https://uploads7.wikiart.org/images/jean-arp/terrestrial-forest-form-1917.jpg
577270b2edc2cb3880bef3a3,Double portrait with a glass of wine,1918,Marc Chagall,https://uploads6.wikiart.org/images/marc-chagall/double-portrait-with-a-glass-of-wine-1918.jpg
57728230edc2cb3880f6d38d,The Opium Smoker&#39;s Dream,1918,Lajos Gulacsy,https://uploads4.wikiart.org/images/gulacsy-lajos/the-opium-smoker-s-dream-1918.jpg
577270a2edc2cb3880beda3d,Asian entertainers,1919,Paul Klee,https://uploads6.wikiart.org/images/paul-klee/asian-entertainers-1919(1).jpg
57727109edc2cb3880c03429,Blocks of Basalt along the Sea,1919,M.C. Escher,https://uploads0.wikiart.org/images/m-c-escher/not_detected_204646.jpg
57727115edc2cb3880c0438c,Twon Tree,1919,M.C. Escher,https://uploads8.wikiart.org/images/m-c-escher/twon-tree.jpg
57727204edc2cb3880c38f91,Jazz,1919,Man Ray,https://uploads0.wikiart.org/images/man-ray/jazz.jpg
5772763cedc2cb3880d0bc01,Family Excursions,1919,Max Ernst,https://uploads6.wikiart.org/images/max-ernst/family-excursions.jpg
5772763dedc2cb3880d0bce6,Fruit of a Long Experience,1919,Max Ernst,https://uploads2.wikiart.org/images/max-ernst/fruit-of-a-long-experience-1919.jpg
5d45eb7fedc2c96820cfa5b2,Politvarus,1919,Stanisław Szukalski,https://uploads3.wikiart.org/00248/images/stanislaw-szukalski/totp.jpg
577270a2edc2cb3880beda8d,Before the snow,1920,Paul Klee,https://uploads3.wikiart.org/images/paul-klee/before-the-snow-1920(1).jpg
577270a8edc2cb3880bee3b9,The Lamb,1920,Paul Klee,https://uploads5.wikiart.org/images/paul-klee/the-lamb-1920(1).jpg
577270b0edc2cb3880bef051,Composition with Circles and Goat,1920,Marc Chagall,https://uploads3.wikiart.org/images/marc-chagall/composition-with-circles-and-goat-1920.jpg
57727104edc2cb3880c02c4f,Fall of man,1920,M.C. Escher,https://uploads1.wikiart.org/images/m-c-escher/fall-of-man.jpg
57727104edc2cb3880c02c9f,Female Nude I,1920,M.C. Escher,https://uploads3.wikiart.org/images/m-c-escher/female-nude-i.jpg
57727104edc2cb3880c02caf,Female Nude in a Landscape,1920,M.C. Escher,https://uploads7.wikiart.org/images/m-c-escher/female-nude-in-a-landscape.jpg
57727109edc2cb3880c0343f,NOT DETECTED,1920,M.C. Escher,https://uploads0.wikiart.org/images/m-c-escher/not_detected_204648.jpg
577273fbedc2cb3880ca5a01,Birds of a Feather,1920,Pablo Picasso,https://uploads7.wikiart.org/images/pablo-picasso/birds-of-a-feather-1920.jpg
57727423edc2cb3880caec5b,Studio,1920,Pablo Picasso,https://uploads4.wikiart.org/images/pablo-picasso/studio-1920.jpg
57727428edc2cb3880caf46e,Two bathers,1920,Pablo Picasso,https://uploads0.wikiart.org/images/pablo-picasso/two-bathers-1920.jpg
5772742cedc2cb3880cafbfe,Woman sitting in an armchair,1920,Pablo Picasso,https://uploads8.wikiart.org/images/pablo-picasso/woman-sitting-in-an-armchair-1920.jpg
57727638edc2cb3880d0b84c,A little sick horse&#39;s leg,1920,Max Ernst,https://uploads1.wikiart.org/images/max-ernst/a-little-sick-horse-s-leg-1920.jpg
57727650edc2cb3880d135fc,The hat makes the man,1920,Max Ernst,https://uploads6.wikiart.org/images/max-ernst/the-hat-makes-the-man-1920.jpg
57727651edc2cb3880d136f4,The slug room,1920,Max Ernst,https://uploads7.wikiart.org/images/max-ernst/the-slug-room-1920.jpg
57727651edc2cb3880d1381b,Untitled,1920,Max Ernst,https://uploads2.wikiart.org/images/max-ernst/untitled-1920.jpg
577277bbedc2cb3880d58803,Birds in an Aquarium,1920,Jean Arp,https://uploads5.wikiart.org/images/jean-arp/birds-in-aquarium.jpg
577277bbedc2cb3880d58933,Leafage and Drops,1920,Jean Arp,https://uploads5.wikiart.org/images/jean-arp/leafage-and-drops.jpg
5772816cedc2cb3880f46145,Wild West,1920,M.C. Escher,https://uploads4.wikiart.org/images/m-c-escher/wild-west-1920.jpg
57728939edc2cb38800d1c43,Reptil que sube,1920,Xul Solar,https://uploads0.wikiart.org/images/xul-solar/reptil-que-sube-1920.jpg
577270a3edc2cb3880bedc2d,Diana in the Autumn Wind,1921,Paul Klee,https://uploads3.wikiart.org/images/paul-klee/diana-in-the-autumn-wind-1921(1).jpg
577270a8edc2cb3880bee289,Six&#160;species,1921,Paul Klee,https://uploads8.wikiart.org/images/paul-klee/six-species-1921(1).jpg
577270a9edc2cb3880bee539,Witch scene,1921,Paul Klee,https://uploads8.wikiart.org/images/paul-klee/witch-scene-1921(1).jpg
5772710eedc2cb3880c03b19,Paradise,1921,M.C. Escher,https://uploads7.wikiart.org/images/m-c-escher/paradise.jpg
57727114edc2cb3880c042cc,The Sphere,1921,M.C. Escher,https://uploads0.wikiart.org/images/m-c-escher/the-sphere.jpg
5772763bedc2cb3880d0b970,Birds also Birds  Fish Snake and Scarecrow,1921,Max Ernst,https://uploads3.wikiart.org/images/max-ernst/birds-also-birds-fish-snake-and-scarecrow.jpg
5772763bedc2cb3880d0b9fc,Chimera,1921,Max Ernst,https://uploads1.wikiart.org/images/max-ernst/chimera-1921.jpg
5772764eedc2cb3880d13361,Seascape,1921,Max Ernst,https://uploads2.wikiart.org/images/max-ernst/seascape-1921.jpg
57727651edc2cb3880d13744,The Word (Woman Bird),1921,Max Ernst,https://uploads4.wikiart.org/images/max-ernst/the-word-woman-bird-1921.jpg
577270a2edc2cb3880bed9fd,Analysis of diverse perversities,1922,Paul Klee,https://uploads2.wikiart.org/images/paul-klee/analysis-of-diverse-perversities-1922(1).jpg
577270b7edc2cb3880befaa1,Illustration for review &quot;Troyer/Courant&quot;,1922,Marc Chagall,https://uploads8.wikiart.org/images/marc-chagall/illustration-for-review-troyer-courant-1922.jpg
577270b7edc2cb3880befab5,Illustration for review &quot;Troyer/Courant&quot;,1922,Marc Chagall,https://uploads1.wikiart.org/images/marc-chagall/illustration-for-review-troyer-courant-1922-1.jpg
577270b7edc2cb3880befac9,Illustration for review &quot;Troyer/Courant&quot;,1922,Marc Chagall,https://uploads1.wikiart.org/images/marc-chagall/illustration-for-review-troyer-courant-1922-2.jpg
577270b7edc2cb3880befadd,Illustration for review &quot;Troyer/Courant&quot;,1922,Marc Chagall,https://uploads1.wikiart.org/images/marc-chagall/illustration-for-review-troyer-courant-1922-3.jpg
577270b7edc2cb3880befaf1,Illustration for review &quot;Troyer/Courant&quot;,1922,Marc Chagall,https://uploads1.wikiart.org/images/marc-chagall/illustration-for-review-troyer-courant-1922-4.jpg
577270b7edc2cb3880befb05,Illustration for review &quot;Troyer/Courant&quot;,1922,Marc Chagall,https://uploads1.wikiart.org/images/marc-chagall/illustration-for-review-troyer-courant-1922-5.jpg
577270b7edc2cb3880befb19,Illustration for review &quot;Troyer/Courant&quot;,1922,Marc Chagall,https://uploads1.wikiart.org/images/marc-chagall/illustration-for-review-troyer-courant-1922-6.jpg
577270b7edc2cb3880befb2d,Illustration for review &quot;Troyer/Courant&quot;,1922,Marc Chagall,https://uploads1.wikiart.org/images/marc-chagall/illustration-for-review-troyer-courant-1922-7.jpg
577270b7edc2cb3880befb41,Illustration for review &quot;Troyer/Courant&quot;,1922,Marc Chagall,https://uploads1.wikiart.org/images/marc-chagall/illustration-for-review-troyer-courant-1922-8.jpg
57727112edc2cb3880c040bc,St. Francis preaching to the Birds,1922,M.C. Escher,https://uploads5.wikiart.org/images/m-c-escher/st-francis-preaching-to-the-birds.jpg
57727638edc2cb3880d0b838,A Friends&#39; Reunion,1922,Max Ernst,https://uploads5.wikiart.org/images/max-ernst/a-friends-reunion-1922(1).jpg
5772763dedc2cb3880d0bda4,Illustration for &quot;The Misfortunes of the Immortals&quot;,1922,Max Ernst,https://uploads7.wikiart.org/images/max-ernst/illustration-for-the-misfortunes-of-the-immortals-1922.jpg
5772763dedc2cb3880d0bdb8,Illustration for &quot;The Misfortunes of the Immortals&quot;,1922,Max Ernst,https://uploads0.wikiart.org/images/max-ernst/illustration-for-the-misfortunes-of-the-immortals-1922-1.jpg
57727647edc2cb3880d0cdbd,Oedipus Rex,1922,Max Ernst,https://uploads5.wikiart.org/images/max-ernst/oedipus-rex-1922.jpg
5772764fedc2cb3880d13476,The Arrival of travellers (Illustration for &quot;The Misfortunes of the Immortals&quot;),1922,Max Ernst,https://uploads6.wikiart.org/images/max-ernst/the-arrival-of-travellers-illustration-for-the-misfortunes-of-the-immortals-1922.jpg
57727650edc2cb3880d135e8,The Harmonious Fagot (Illustration for &quot;The Misfortunes of the Immortals&quot;),1922,Max Ernst,https://uploads1.wikiart.org/images/max-ernst/the-harmonious-fagot-illustration-for-the-misfortunes-of-the-immortals-1922.jpg
577276b1edc2cb3880d27218,Broderie,1922,Francis Picabia,https://uploads3.wikiart.org/images/francis-picabia/broderie.jpg
57728939edc2cb38800d1c33,Pegaso de Sol,1922,Xul Solar,https://uploads7.wikiart.org/images/xul-solar/pegaso-de-sol-1922.jpg
57728939edc2cb38800d1c83,Las Cuatro,1922,Xul Solar,https://uploads4.wikiart.org/images/xul-solar/las-cuatro-1922.jpg
5a5da69dedc2c973d42ff2ea,Flower Piece,1922,Franz Sedlacek,https://uploads4.wikiart.org/00167/images/franz-sedlacek/flower-piece-1922.jpg
5cee939dedc2cf7af071d5fa,Ghost of a Genius,1922,Paul Klee,https://uploads8.wikiart.org/00238/images/paul-klee/382px-paul-klee-gespenst-eines-genies-ghost-of-a-genius-google-art-project.jpg
577270a2edc2cb3880beda7d,Battle scene from the comic fantastic opera &#39;The Seafarer&#39;,1923,Paul Klee,https://uploads8.wikiart.org/images/paul-klee/battle-scene-from-the-comic-fantastic-opera-the-seafarer-1923(1).jpg
577270a7edc2cb3880bee159,Puppet theater,1923,Paul Klee,https://uploads2.wikiart.org/images/paul-klee/puppet-theater-1923(1).jpg
577270a8edc2cb3880bee259,Seventeen,1923,Paul Klee,https://uploads6.wikiart.org/images/paul-klee/seventeen-1923(1).jpg
5772710fedc2cb3880c03cb9,Ravello I,1923,M.C. Escher,https://uploads8.wikiart.org/images/m-c-escher/ravello-i.jpg
5772710fedc2cb3880c03cc9,Ravello II,1923,M.C. Escher,https://uploads0.wikiart.org/images/m-c-escher/ravello-ii.jpg
57727429edc2cb3880caf6de,Portrait of woman in d`hermine pass (Olga),1923,Pablo Picasso,https://uploads8.wikiart.org/images/pablo-picasso/untitled-1937-8.jpg
577274eeedc2cb3880ccef02,The Carbide Lamp,1922-1923,Joan Miro,https://uploads1.wikiart.org/images/joan-miro/the-carbide-lamp-1923.jpg
577274eeedc2cb3880ccef22,The Ear of Grain,1922-1923,Joan Miro,https://uploads0.wikiart.org/images/joan-miro/the-ear-of-corn-1923.jpg
577274eeedc2cb3880ccf018,The Tilled Field,1923,Joan Miro,https://uploads1.wikiart.org/images/joan-miro/the-tilled-field-1924.jpg
5772763aedc2cb3880d0b934,At the First Clear Word,1923,Max Ernst,https://uploads8.wikiart.org/images/max-ernst/at-the-first-clear-word-1923.jpg
5772763bedc2cb3880d0b9d4,Castor and Pollution,1923,Max Ernst,https://uploads8.wikiart.org/images/max-ernst/castor-and-pollution-1923(1).jpg
5772763cedc2cb3880d0bb78,Enter  Exit,1923,Max Ernst,https://uploads4.wikiart.org/images/max-ernst/enter-exit-1923.jpg
57727645edc2cb3880d0cc24,Long Live Love,1923,Max Ernst,https://uploads8.wikiart.org/images/max-ernst/long-live-love-1923.jpg
57727647edc2cb3880d0cdd1,Of This Men Shall Know Nothing,1923,Max Ernst,https://uploads6.wikiart.org/images/max-ernst/of-this-men-shall-know-nothing-1923.jpg
57727647edc2cb3880d0ce1f,Pieta (Revolution by Night),1923,Max Ernst,https://uploads1.wikiart.org/images/max-ernst/pieta-revolution-by-night-1923.jpg
57727647edc2cb3880d0ce7f,Saint Cecilia (Invisible piano),1923,Max Ernst,https://uploads5.wikiart.org/images/max-ernst/saint-cecilia-invisible-piano-1923.jpg
57727651edc2cb3880d13730,The Wavering Woman,1923,Max Ernst,https://uploads3.wikiart.org/images/max-ernst/the-wavering-woman-1923.jpg
57727652edc2cb3880d138b8,Woman  Old Man and Flower Femme,1923,Max Ernst,https://uploads1.wikiart.org/images/max-ernst/woman-old-man-and-flower-femme.jpg
57727f45edc2cb3880ed8112,Self Portrait with Madame Papazoff,1921-1923,Georges Papazoff,https://uploads7.wikiart.org/images/georges-papazoff/autoportrait-avec-madame-papazoff-1923.jpg
57727fbbedc2cb3880eed085,Landscape with Rocks,1923,Andre Masson,https://uploads3.wikiart.org/images/andre-masson/landscape-with-rocks.jpg
57728049edc2cb3880f0a651,Indestructible Object (or Object to Be Destroyed),1923,Man Ray,https://uploads3.wikiart.org/images/man-ray/indestructible-object-or-object-to-be-destroyed-1923.jpg
57728650edc2cb388003b06e,La Rochelle,1923,Edward Wadsworth,https://uploads6.wikiart.org/images/edward-wadsworth/la-rochelle-1923(1).jpg
57728650edc2cb388003b184,Seaport,1923,Edward Wadsworth,https://uploads8.wikiart.org/images/edward-wadsworth/seaport-1923.jpg
5772875aedc2cb388006dafa,Torso,1923,Leon Underwood,https://uploads4.wikiart.org/images/leon-underwood/torso-1923.jpg
57728939edc2cb38800d1c73,Juzgue,1923,Xul Solar,https://uploads0.wikiart.org/images/xul-solar/juzgue-1923.jpg
57728939edc2cb38800d1c93,&#209;a Di&#225;fana,1923,Xul Solar,https://uploads3.wikiart.org/images/xul-solar/a-di-fana-1923.jpg
5772893aedc2cb38800d1cc3,T&#250; y Yo,1923,Xul Solar,https://uploads0.wikiart.org/images/xul-solar/t-y-yo-1923.jpg
5e733869edc2c9f6a4b40758,Aquarium,1923,Jindrich Styrsky,https://uploads5.wikiart.org/00280/images/jindrich-styrsky/jind-ich-tyrsk-aquarium.jpg
5e789d3eedc2c90ffc282123,Costume Repr&#233;sentant Parties Du Monde  Bal Louis XIV,1923,Valentine Hugo,https://uploads2.wikiart.org/00281/images/valentine-hugo/costume-repr-sentant-parties-du-monde-bal-louis-xiv-1923-3.jpg
5e789d3eedc2c90ffc282125,Costume Repr&#233;sentant Parties Du Monde  Bal Louis XIV,1923,Valentine Hugo,https://uploads0.wikiart.org/00281/images/valentine-hugo/costume-repr-sentant-parties-du-monde-bal-louis-xiv-1923.jpg
5e789d3eedc2c90ffc28212b,Costume Repr&#233;sentant Parties Du Monde  Bal Louis XIV,1923,Valentine Hugo,https://uploads2.wikiart.org/00281/images/valentine-hugo/costume-repr-sentant-parties-du-monde-bal-louis-xiv-1923-2.jpg
5e789d3eedc2c90ffc282145,Costume Repr&#233;sentant Parties Du Monde  Bal Louis XIV,1923,Valentine Hugo,https://uploads2.wikiart.org/00281/images/valentine-hugo/costume-repr-sentant-parties-du-monde-bal-louis-xiv-1923-1.jpg
5f831faaedc2c98c04a07602,Saying Grace,1923,Albin Egger-Lienz,https://uploads0.wikiart.org/00310/images/albin-egger-lienz/20201009-180150.jpg
577270a2edc2cb3880bedaed,Botanical Theater,1924,Paul Klee,https://uploads5.wikiart.org/images/paul-klee/botanical-theater-1924(1).jpg
577273a1edc2cb3880c92f41,Portrait of Garcia Lorca,1924,Salvador Dali,https://uploads8.wikiart.org/images/salvador-dali/portrait-of-garcia-lorca.jpg
57727405edc2cb3880ca6844,Guitar  Glass and Fruit Dish with Fruit,1924,Pablo Picasso,https://uploads0.wikiart.org/images/pablo-picasso/guitar-glass-and-fruit-dish-with-fruit-1924.jpg
577274e8edc2cb3880cce5fc,Bottle of Vine,1924,Joan Miro,https://uploads3.wikiart.org/images/joan-miro/bottle-of-vine.jpg
577274e8edc2cb3880cce60c,Bouquet of Flowers. Smile of My Blond,1924,Joan Miro,https://uploads7.wikiart.org/images/joan-miro/bouquet-of-flowers-smile-of-my-blond.jpg
577274e8edc2cb3880cce63f,Catalan Landscape (The Hunter),1923-1924,Joan Miro,https://uploads4.wikiart.org/images/joan-miro/catalan-landscape-the-hunter-1924.jpg
577274e8edc2cb3880cce65f,Catalan Peasant with a Guitar,1924,Joan Miro,https://uploads0.wikiart.org/images/joan-miro/catalan-peasant-with-a-guitar.jpg
577274e9edc2cb3880cce7ff,Hermitage,1924,Joan Miro,https://uploads7.wikiart.org/images/joan-miro/hermitage.jpg
577274e9edc2cb3880cce87f,Maternity,1924,Joan Miro,https://uploads7.wikiart.org/images/joan-miro/maternity.jpg
577274ebedc2cb3880cceb30,Portrait de Mme. K.,1924,Joan Miro,https://uploads8.wikiart.org/images/joan-miro/not_detected_227966.jpg
577274eeedc2cb3880ccef98,The Hunter,1923-1924,Joan Miro,https://uploads4.wikiart.org/images/joan-miro/the-hunter-1924.jpg
5772763dedc2cb3880d0bcfa,Gala &#201;luard,1924,Max Ernst,https://uploads5.wikiart.org/images/max-ernst/gala-éluard-1924.jpg
57727650edc2cb3880d13682,The letter,1924,Max Ernst,https://uploads4.wikiart.org/images/max-ernst/the-letter-1924.jpg
577276b8edc2cb3880d279ca,Sunrise,1924,Francis Picabia,https://uploads2.wikiart.org/images/francis-picabia/sunrise.jpg
577276b9edc2cb3880d27b9a,Veglione  Cannes  1924,1924,Francis Picabia,https://uploads2.wikiart.org/images/francis-picabia/veglione-cannes-1924-1924.jpg
57727f45edc2cb3880ed80b2,Red Glove and White Glove,1924,Georges Papazoff,https://uploads8.wikiart.org/images/georges-papazoff/red-glove-and-white-glove-1924.jpg
5772864fedc2cb388003afc8,Dunkerque,1924,Edward Wadsworth,https://uploads4.wikiart.org/images/edward-wadsworth/dunkerque-1924(1).jpg
57728650edc2cb388003b091,L&#39;Avant Port  Marseilles,1924,Edward Wadsworth,https://uploads0.wikiart.org/images/edward-wadsworth/l-avant-port-marseilles-1924(1).jpg
57728650edc2cb388003b0f1,Marseilles Harbour  Quai du Port,1924,Edward Wadsworth,https://uploads5.wikiart.org/images/edward-wadsworth/marseilles-harbour-quai-du-port-1924.jpg
57728650edc2cb388003b164,Rue Fontaine de Caylus  Marseilles  France,1924,Edward Wadsworth,https://uploads5.wikiart.org/images/edward-wadsworth/rue-fontaine-de-caylus-marseilles-france-1924.jpg
577286afedc2cb388004ead9,Southern harbor,1924,Sven Jonson,https://uploads5.wikiart.org/images/sven-jonson/southern-harbor-1924(4).jpg
57728758edc2cb388006da8a,Flux (The Runner),1924,Leon Underwood,https://uploads5.wikiart.org/images/leon-underwood/flux-the-runner-1924.jpg
57728939edc2cb38800d1c53,Dos Parejas,1924,Xul Solar,https://uploads5.wikiart.org/images/xul-solar/dos-parejas-1924.jpg
57728943edc2cb38800d2ca8,Still Life with Bottles and Breton Bonnets,1924,Pierre Roy,https://uploads1.wikiart.org/images/pierre-roy/still-life-with-bottles-and-breton-bonnets-1924.jpg
5cc1ba0fedc2c93198782808,Bay,1924,Boleslas Biegas,https://uploads2.wikiart.org/00233/images/boleslas-biegas/1924-bay.jpg
5e734760edc2c9f6a4200e12,Souvenir,1924,Jindrich Styrsky,https://uploads4.wikiart.org/00280/images/jindrich-styrsky/souvenir-1924.jpg
5ea6f461edc2c960cc01fa04,The Family,1924,Joan Miro,https://uploads8.wikiart.org/00286/images/joan-miro/the-family-1924.jpg
57727cf5edc2cb3880e60eaa,Especie inverosimil,XX cent.,Ramon Oviedo,https://uploads2.wikiart.org/images/ramon-oviedo/especie-inverosimil.jpg
57727cf5edc2cb3880e60eba,FORMA DE PERCUSION,XX cent.,Ramon Oviedo,https://uploads4.wikiart.org/images/ramon-oviedo/forma-de-percusion(4).jpg
57727cf5edc2cb3880e60eca,FORMA MILENARIA,XX cent.,Ramon Oviedo,https://uploads1.wikiart.org/images/ramon-oviedo/forma-milenaria(3).jpg
57727cf5edc2cb3880e60eda,HABITANTES DEL SILENCIO,XX cent.,Ramon Oviedo,https://uploads0.wikiart.org/images/ramon-oviedo/habitantes-del-silencio(4).jpg
57727cf6edc2cb3880e60efa,Hombre Toro  Leon de Oro,XX cent.,Ramon Oviedo,https://uploads6.wikiart.org/images/ramon-oviedo/hombre-toro-leon-de-oro.jpg
57727cf6edc2cb3880e60f0a,Ignorantes del Tiempo,XX cent.,Ramon Oviedo,https://uploads4.wikiart.org/images/ramon-oviedo/ignorantes-del-tiempo.jpg
57727cf6edc2cb3880e60f2a,NUBARRON NOCTURNO,XX cent.,Ramon Oviedo,https://uploads3.wikiart.org/images/ramon-oviedo/nubarron-nocturno(4).jpg
57727cf6edc2cb3880e60f4a,RESTOS DE UN PRIMARIO,XX cent.,Ramon Oviedo,https://uploads7.wikiart.org/images/ramon-oviedo/restos-de-un-primario(4).jpg
57727cf6edc2cb3880e60f6a,Simulacro,XX cent.,Ramon Oviedo,https://uploads4.wikiart.org/images/ramon-oviedo/simulacro(4).jpg
57727cf6edc2cb3880e60f7a,VAINA,XX cent.,Ramon Oviedo,https://uploads0.wikiart.org/images/ramon-oviedo/vaina(4).jpg
57727cf6edc2cb3880e60fba,FORMA BURLONA,XX cent.,Ramon Oviedo,https://uploads5.wikiart.org/images/ramon-oviedo/forma-burlona.jpg
57727cf6edc2cb3880e60fca,FORMA DE EMITIR SONIDOS,XX cent.,Ramon Oviedo,https://uploads6.wikiart.org/images/ramon-oviedo/forma-de-emitir-sonidos.jpg
57727cf6edc2cb3880e60fda,FORMA SEMIDEFINIDA,XX cent.,Ramon Oviedo,https://uploads1.wikiart.org/images/ramon-oviedo/forma-semidefinida.jpg
57727cf6edc2cb3880e60fea,HABITANTES DEL SILENCIO 2,XX cent.,Ramon Oviedo,https://uploads8.wikiart.org/images/ramon-oviedo/habitantes-del-silencio-2.jpg
57727cf6edc2cb3880e6104a,FORMA HERIDA,XX cent.,Ramon Oviedo,https://uploads4.wikiart.org/images/ramon-oviedo/forma-herida.jpg
57727cf6edc2cb3880e6105a,Formas en transicion,XX cent.,Ramon Oviedo,https://uploads3.wikiart.org/images/ramon-oviedo/formas-en-transicion.jpg
577270c0edc2cb3880bf087b,Naked on a white cock,1925,Marc Chagall,https://uploads0.wikiart.org/images/marc-chagall/naked-on-a-white-cock-1925.jpg
57727110edc2cb3880c03ddc,Saint Vincent Martyr,1925,M.C. Escher,https://uploads1.wikiart.org/images/m-c-escher/saint-vincent-martyr.jpg
57727114edc2cb3880c0420c,The 2nd Day of the Creation,1925,M.C. Escher,https://uploads8.wikiart.org/images/m-c-escher/the-2nd-day-of-the-creation.jpg
57727115edc2cb3880c043dc,Vitorchiano nel Cimino,1925,M.C. Escher,https://uploads3.wikiart.org/images/m-c-escher/vitorchiano-nel-cimino.jpg
5772720aedc2cb3880c39ae3,Nocturne,1925,Rene Magritte,https://uploads0.wikiart.org/images/rene-magritte/nocturne-1925(1).jpg
5772721dedc2cb3880c41286,The window,1925,Rene Magritte,https://uploads2.wikiart.org/images/rene-magritte/the-window-1925(1).jpg
5772721dedc2cb3880c41336,Untitled,1925,Rene Magritte,https://uploads4.wikiart.org/images/rene-magritte/untitled(1).jpg
57727383edc2cb3880c8b164,Coupes 6,1925,Salvador Dali,https://uploads1.wikiart.org/images/salvador-dali/coupes-6.jpg
57727389edc2cb3880c8b674,Female Nude,1925,Salvador Dali,https://uploads6.wikiart.org/images/salvador-dali/female-nude-1.jpg
57727416edc2cb3880cadcf4,Plaster head and arm,1925,Pablo Picasso,https://uploads0.wikiart.org/images/pablo-picasso/plaster-head-and-arm-1925.jpg
57727421edc2cb3880caea7b,Still life with antique bust,1925,Pablo Picasso,https://uploads8.wikiart.org/images/pablo-picasso/still-life-with-antique-bust-1925.jpg
57727422edc2cb3880caeb0b,Still life with fishing net,1925,Pablo Picasso,https://uploads7.wikiart.org/images/pablo-picasso/still-life-with-fishing-net-1925.jpg
57727424edc2cb3880caeecb,The dance,1925,Pablo Picasso,https://uploads7.wikiart.org/images/pablo-picasso/the-dance-1925.jpg
57727425edc2cb3880caf06e,The Kiss,1925,Pablo Picasso,https://uploads6.wikiart.org/images/pablo-picasso/the-kiss-1925.jpg
57727426edc2cb3880caf21e,The sculpture,1925,Pablo Picasso,https://uploads2.wikiart.org/images/pablo-picasso/the-sculpture-1925.jpg
577274e7edc2cb3880cce5ac,Bathing Woman,1925,Joan Miro,https://uploads2.wikiart.org/images/joan-miro/bathing-woman.jpg
577274e8edc2cb3880cce6cf,Dancer,1925,Joan Miro,https://uploads4.wikiart.org/images/joan-miro/dancer.jpg
577274e9edc2cb3880cce7cf,Harlequin&#39;s Carnival,1924-1925,Joan Miro,https://uploads5.wikiart.org/images/joan-miro/harlequin-s-carnival-1925.jpg
577274e9edc2cb3880cce7df,Head of a Catalan Peasant (2),1925,Joan Miro,https://uploads7.wikiart.org/images/joan-miro/head-of-a-catalan-peasant-2.jpg
577274e9edc2cb3880cce83f,Landscape,1924-1925,Joan Miro,https://uploads3.wikiart.org/images/joan-miro/landscape-1925.jpg
577274eaedc2cb3880cce8d8,Untitled,1925,Joan Miro,https://uploads8.wikiart.org/images/joan-miro/not_detected_227927.jpg
577274ebedc2cb3880cceb40,Catalan Peasant Head,1924-1925,Joan Miro,https://uploads8.wikiart.org/images/joan-miro/not_detected_227967.jpg
577274ebedc2cb3880cceb50,Smoker Head,1925,Joan Miro,https://uploads8.wikiart.org/images/joan-miro/not_detected_227968.jpg
577274ebedc2cb3880cceb60,The White Glove,1925,Joan Miro,https://uploads8.wikiart.org/images/joan-miro/not_detected_227969.jpg
577274ebedc2cb3880cceb70,Painting,1925,Joan Miro,https://uploads8.wikiart.org/images/joan-miro/not_detected_227970.jpg
577274ecedc2cb3880ccec40,Painting (Man with a Pipe),1925,Joan Miro,https://uploads8.wikiart.org/images/joan-miro/not_detected_227983.jpg
577274ededc2cb3880ccee52,Siesta,1925,Joan Miro,https://uploads4.wikiart.org/images/joan-miro/siesta.jpg
577274ededc2cb3880ccee82,Stars in Snails&#39; Sexes,1925,Joan Miro,https://uploads1.wikiart.org/images/joan-miro/stars-in-snails-sexes.jpg
577274ededc2cb3880cceee2,The Birth of the World,1925,Joan Miro,https://uploads2.wikiart.org/images/joan-miro/the-birth-of-the-world.jpg
5772763cedc2cb3880d0bbdb,Eve  the Only One Left to Us,1925,Max Ernst,https://uploads3.wikiart.org/images/max-ernst/eve-the-only-one-left-to-us-1925.jpg
57727645edc2cb3880d0cbfc,Leaf customs,1925,Max Ernst,https://uploads6.wikiart.org/images/max-ernst/leaf-customs-1925.jpg
57727647edc2cb3880d0cdf7,Paris dream,1925,Max Ernst,https://uploads5.wikiart.org/images/max-ernst/paris-dream-1925.jpg
5772764eedc2cb3880d1334d,Sea and Sun,1925,Max Ernst,https://uploads5.wikiart.org/images/max-ernst/sea-and-sun-1925.jpg
5772764fedc2cb3880d13389,She keeps her secret,1925,Max Ernst,https://uploads5.wikiart.org/images/max-ernst/she-keeps-her-secret-1925.jpg
5772764fedc2cb3880d1348a,The Beautiful Season,1925,Max Ernst,https://uploads5.wikiart.org/images/max-ernst/the-beautiful-season-1925.jpg
5772764fedc2cb3880d1349e,The Blue Forest,1925,Max Ernst,https://uploads0.wikiart.org/images/max-ernst/the-blue-forest-1925.jpg
5772764fedc2cb3880d134da,The Couple in Lace,1925,Max Ernst,https://uploads3.wikiart.org/images/max-ernst/the-couple-in-lace-1925.jpg
57727650edc2cb3880d1366e,The large forest,1925,Max Ernst,https://uploads5.wikiart.org/images/max-ernst/the-large-forest.jpg
577276b2edc2cb3880d273f8,Match Woman,1924-1925,Francis Picabia,https://uploads2.wikiart.org/images/francis-picabia/match-woman-1925.jpg
577276b8edc2cb3880d27a0a,The Acrobates,1925,Francis Picabia,https://uploads8.wikiart.org/images/francis-picabia/the-acrobates.jpg
577277bbedc2cb3880d58863,Dance,1925,Jean Arp,https://uploads2.wikiart.org/images/jean-arp/dance.jpg
57727f44edc2cb3880ed8042,Composition,1925,Georges Papazoff,https://uploads3.wikiart.org/images/georges-papazoff/composition-1925.jpg
57727f45edc2cb3880ed8102,Papillons,1925,Georges Papazoff,https://uploads1.wikiart.org/images/georges-papazoff/papillons-1925.jpg
57727f45edc2cb3880ed8132,The Sea,1925,Georges Papazoff,https://uploads8.wikiart.org/images/georges-papazoff/the-sea-1925.jpg
57727fb3edc2cb3880eec375,Moustaches,1925,Jean Arp,https://uploads3.wikiart.org/images/jean-arp/moustaches-1925.jpg
57727fb8edc2cb3880eecb2f,Nude,1925,Edward Weston,https://uploads2.wikiart.org/images/edward-weston/nude-1925.jpg
57727fbbedc2cb3880eecfa5,Tribute to Saint-Pol Roux,1925,Andre Masson,https://uploads8.wikiart.org/images/andre-masson/tribute-to-saint-pol-roux.jpg
577284aaedc2cb3880fe85e1,Knight  White Horse and Snake,1925,Victor Brauner,https://uploads0.wikiart.org/images/victor-brauner/knight-white-horse-and-snake-1925.jpg
57728595edc2cb388001955c,Louis Pasteur,1925,Leon Arthur Tutundjian,https://uploads2.wikiart.org/images/leon-arthur-tutundjian/louis-pasteur-1925.jpg
57728595edc2cb388001957c,Nature morte aux pommes,1925,Leon Arthur Tutundjian,https://uploads3.wikiart.org/images/leon-arthur-tutundjian/nature-morte-aux-pommes-1925.jpg
57728650edc2cb388003b0d1,Marine Screw Propeller,1925,Edward Wadsworth,https://uploads5.wikiart.org/images/edward-wadsworth/marine-screw-propeller-1925.jpg
577286deedc2cb3880058212,Proue de naivre et papillons,1925,Pierre Roy,https://uploads5.wikiart.org/images/pierre-roy/proue-de-naivre-et-papillons-1925.jpg
5772893aedc2cb38800d1cb3,San Danza,1925,Xul Solar,https://uploads3.wikiart.org/images/xul-solar/san-danza-1925.jpg
5e73386aedc2c9f6a4b41693,Country Cemetery,1925,Jindrich Styrsky,https://uploads4.wikiart.org/00280/images/jindrich-styrsky/jind-ich-tyrsk-country-cemetery.jpg
5e734760edc2c9f6a4200e16,Cover for Roztočen&#233; Jeviště (The Turned Staged),1925,Jindrich Styrsky,https://uploads3.wikiart.org/00280/images/jindrich-styrsky/cover-for-rozto-en-jevi-t-the-turned-staged-1925.jpg
57726e52edc2cb3880b6ab7a,I Came Like I Promised,1926,Yves Tanguy,https://uploads0.wikiart.org/images/yves-tanguy/i-came-like-i-promised-1926.jpg
57726e53edc2cb3880b6ac84,Storm(Black Landscape),1926,Yves Tanguy,https://uploads8.wikiart.org/images/yves-tanguy/storm-black-landscape-1926.jpg
57726e53edc2cb3880b6acb4,The Travelling Performers,1926,Yves Tanguy,https://uploads3.wikiart.org/images/yves-tanguy/the-travelling-performers-1926.jpg
577270a2edc2cb3880beda2d,Aroundfish,1926,Paul Klee,https://uploads7.wikiart.org/images/paul-klee/aroundfish-1926(1).jpg
577270aeedc2cb3880beec1f,Bella in Mourillon,1926,Marc Chagall,https://uploads6.wikiart.org/images/marc-chagall/bella-in-mourillon-1926.jpg
577270b0edc2cb3880beef1d,Chrysanthemums,1926,Marc Chagall,https://uploads2.wikiart.org/images/marc-chagall/chrysanthemums-1926.jpg
57727114edc2cb3880c0421c,The 3rd Day of the Creation,1926,M.C. Escher,https://uploads8.wikiart.org/images/m-c-escher/the-3rd-day-of-the-creation.jpg
57727114edc2cb3880c0422c,The 4th Day of the Creation,1926,M.C. Escher,https://uploads8.wikiart.org/images/m-c-escher/the-4th-day-of-the-creation.jpg
57727114edc2cb3880c0423c,The 5th Day of the Creation,1926,M.C. Escher,https://uploads8.wikiart.org/images/m-c-escher/the-5th-day-of-the-creation.jpg
57727114edc2cb3880c0424c,The 6th Day of the Creation,1926,M.C. Escher,https://uploads8.wikiart.org/images/m-c-escher/the-6th-day-of-the-creation.jpg
57727206edc2cb3880c392f3,A famous man,1926,Rene Magritte,https://uploads4.wikiart.org/images/rene-magritte/a-famous-man-1926(1).jpg
57727207edc2cb3880c39481,After the Water  the Clouds,1926,Rene Magritte,https://uploads0.wikiart.org/images/rene-magritte/after-the-water-the-clouds-1926(1).jpg
57727208edc2cb3880c395d3,Checkmate,1926,Rene Magritte,https://uploads1.wikiart.org/images/rene-magritte/checkmate-1926(1).jpg
5772720aedc2cb3880c399b9,Landscape,1926,Rene Magritte,https://uploads1.wikiart.org/images/rene-magritte/landscape-1926(1).jpg
5772720aedc2cb3880c39aa7,Midnight marriage,1926,Rene Magritte,https://uploads0.wikiart.org/images/rene-magritte/midnight-marriage-1926(1).jpg
5772720bedc2cb3880c39b2f,Untitled,1926,Rene Magritte,https://uploads3.wikiart.org/images/rene-magritte/not_detected_211397.jpg
57727213edc2cb3880c40131,Polar light,1926,Rene Magritte,https://uploads3.wikiart.org/images/rene-magritte/polar-light-1926(1).jpg
57727213edc2cb3880c40159,Popular panorama,1926,Rene Magritte,https://uploads8.wikiart.org/images/rene-magritte/popular-panorama-1926(1).jpg
57727215edc2cb3880c40541,The birth of idol,1926,Rene Magritte,https://uploads0.wikiart.org/images/rene-magritte/the-birth-of-idol-1926(1).jpg
57727215edc2cb3880c405b3,The catapult of desert,1926,Rene Magritte,https://uploads5.wikiart.org/images/rene-magritte/the-catapult-of-desert-1926(1).jpg
57727216edc2cb3880c40601,The conqueror,1926,Rene Magritte,https://uploads5.wikiart.org/images/rene-magritte/the-conqueror-1926(1).jpg
57727216edc2cb3880c4063d,The dawn of Cayenne,1926,Rene Magritte,https://uploads2.wikiart.org/images/rene-magritte/the-dawn-of-cayenne-1926(1).jpg
57727216edc2cb3880c40665,The difficult crossing,1926,Rene Magritte,https://uploads5.wikiart.org/images/rene-magritte/the-difficult-crossing-1926(1).jpg
57727217edc2cb3880c407eb,The face of genius,1926,Rene Magritte,https://uploads1.wikiart.org/images/rene-magritte/the-face-of-genius-1926(1).jpg
57727219edc2cb3880c40c53,The lost jockey,1926,Rene Magritte,https://uploads7.wikiart.org/images/rene-magritte/the-lost-jockey-1926(1).jpg
5772721aedc2cb3880c40d7d,The musings of the solitary walker,1926,Rene Magritte,https://uploads8.wikiart.org/images/rene-magritte/the-musings-of-the-solitary-walker-1926(1).jpg
5772721bedc2cb3880c40ffb,The sensational news,1926,Rene Magritte,https://uploads3.wikiart.org/images/rene-magritte/the-sensational-news-1926(1).jpg
5772721bedc2cb3880c4100f,The silver gap,1926,Rene Magritte,https://uploads6.wikiart.org/images/rene-magritte/the-silver-gap-1926(1).jpg
5772721dedc2cb3880c412d2,Threshold of forest,1926,Rene Magritte,https://uploads2.wikiart.org/images/rene-magritte/threshold-of-forest-1926(1).jpg
5772721dedc2cb3880c41322,Untitled,1926,Rene Magritte,https://uploads0.wikiart.org/images/rene-magritte/untitled-1926(1).jpg
5772721dedc2cb3880c4134a,Untitled collage,1926,Rene Magritte,https://uploads3.wikiart.org/images/rene-magritte/untitled-collage(1).jpg
5772721dedc2cb3880c41384,Wreckage of the shadow,1926,Rene Magritte,https://uploads6.wikiart.org/images/rene-magritte/wreackage-of-the-shadow-1926(1).jpg
57727390edc2cb3880c8bb9d,Study for &quot;Honey is Sweeter than Blood&quot;,1926,Salvador Dali,https://uploads2.wikiart.org/images/salvador-dali/honey-is-sweeter-than-blood.jpg
577273faedc2cb3880ca5851,Artist and his model,1926,Pablo Picasso,https://uploads0.wikiart.org/images/pablo-picasso/artist-and-his-model-1926.jpg
577273feedc2cb3880ca5dd4,Buste of young woman (Marie-Therese Walter),1926,Pablo Picasso,https://uploads3.wikiart.org/images/pablo-picasso/buste-of-young-woman-marie-therese-walter-1926.jpg
577274e8edc2cb3880cce6df,Dog Barking-at the Moon,1926,Joan Miro,https://uploads3.wikiart.org/images/joan-miro/dog-barking-at-the-moon.jpg
577274ecedc2cb3880cceca2,Nude,1926,Joan Miro,https://uploads2.wikiart.org/images/joan-miro/nude.jpg
577274ecedc2cb3880cced32,Person Throwing a Stone at a Bird,1926,Joan Miro,https://uploads4.wikiart.org/images/joan-miro/person-throwing-a-stone-at-a-bird.jpg
57727647edc2cb3880d0ce47,Pomegranate Flower,1926,Max Ernst,https://uploads3.wikiart.org/images/max-ernst/pomegranate-flower-1926.jpg
57727650edc2cb3880d135d4,The Great Lover,1926,Max Ernst,https://uploads0.wikiart.org/images/max-ernst/the-great-lover-1926.jpg
57727651edc2cb3880d1371c,The Virgin Spanking the Christ Child before Three Witnesses: Andre Breton  Paul Eluard  and the Painter,1926,Max Ernst,https://uploads5.wikiart.org/images/max-ernst/the-virgin-spanking-the-christ-child-before-three-witnesses-andre-breton-paul-eluard-and-the-1926.jpg
57727651edc2cb3880d13780,They have slept in the forest too long,1926,Max Ernst,https://uploads5.wikiart.org/images/max-ernst/they-have-slept-in-the-forest-too-long-1926.jpg
577276b1edc2cb3880d272a8,Cyclope,1924-1926,Francis Picabia,https://uploads2.wikiart.org/images/francis-picabia/cyclope.jpg
577276b9edc2cb3880d27bda,Woman with a Dog,1924-1926,Francis Picabia,https://uploads7.wikiart.org/images/francis-picabia/woman-with-a-dog-1926.jpg
577277bcedc2cb3880d58a09,Tete Paysage,1924-1926,Jean Arp,https://uploads5.wikiart.org/images/jean-arp/tete-paysage-1926.jpg
57727dacedc2cb3880e8730b,Torso,1926,Andre Masson,https://uploads6.wikiart.org/images/andre-masson/torso.jpg
57727fa0edc2cb3880eea5ba,Hot Air Balloon,1926,Josef Sima,https://uploads8.wikiart.org/images/josef-ma/hot-air-balloon-1926.jpg
57728595edc2cb388001952c,Femme aux deux visages,1926,Leon Arthur Tutundjian,https://uploads2.wikiart.org/images/leon-arthur-tutundjian/femme-aux-deux-visages-1926.jpg
57728595edc2cb388001956c,Nature morte a la coupe de fruits,1926,Leon Arthur Tutundjian,https://uploads4.wikiart.org/images/leon-arthur-tutundjian/nature-morte-a-la-coupe-de-fruits-1926.jpg
5772864fedc2cb388003af88,Coquillages,1926,Edward Wadsworth,https://uploads6.wikiart.org/images/edward-wadsworth/coquillages-1926(1).jpg
57728650edc2cb388003b101,Marseilles  France,1926,Edward Wadsworth,https://uploads0.wikiart.org/images/edward-wadsworth/marseilles-france-1926.jpg
57728650edc2cb388003b154,Rue de la Reynarde  Marseilles  France,1926,Edward Wadsworth,https://uploads1.wikiart.org/images/edward-wadsworth/rue-de-la-reynarde-marseilles-france-1926.jpg
57728650edc2cb388003b1c7,Still Life,1926,Edward Wadsworth,https://uploads2.wikiart.org/images/edward-wadsworth/still-life-1926.jpg
577286afedc2cb388004eae9,Stilleben med fisk,1926,Sven Jonson,https://uploads5.wikiart.org/images/sven-jonson/stilleben-med-fisk-1926.jpg
5e73386cedc2c9f6a4b42172,The Cave,1926,Jindrich Styrsky,https://uploads5.wikiart.org/00280/images/jindrich-styrsky/jind-ich-tyrsk-the-cave.jpg
57726e52edc2cb3880b6ab5a,Death Awaiting his Family,1927,Yves Tanguy,https://uploads3.wikiart.org/images/yves-tanguy/death-awaiting-his-family-1927.jpg
57726e52edc2cb3880b6ab6a,Extinction&#160;of&#160;Useless Lights,1927,Yves Tanguy,https://uploads6.wikiart.org/images/yves-tanguy/extinction-of-useless-lights-1927.jpg
57726e52edc2cb3880b6ab9a,Large Painting Representing a Landscape,1927,Yves Tanguy,https://uploads8.wikiart.org/images/yves-tanguy/large-painting-representing-a-landscape-1927.jpg
57726e52edc2cb3880b6abaa,Mama  Papa is Wounded!,1927,Yves Tanguy,https://uploads7.wikiart.org/images/yves-tanguy/mama-papa-is-wounded-1927.jpg
57726e53edc2cb3880b6ac94,The Hand in the Clouds,1927,Yves Tanguy,https://uploads0.wikiart.org/images/yves-tanguy/the-hand-in-the-clouds-1927.jpg
57726e53edc2cb3880b6ace4,Wind,1927,Yves Tanguy,https://uploads0.wikiart.org/images/yves-tanguy/wind-1927.jpg
577270a7edc2cb3880bee0c9,Part of G,1927,Paul Klee,https://uploads6.wikiart.org/images/paul-klee/part-of-g-1927(1).jpg
577270d5edc2cb3880bf858f,The dream (The rabbit),1927,Marc Chagall,https://uploads8.wikiart.org/images/marc-chagall/the-dream-the-rabbit-1927.jpg
5772710fedc2cb3880c03c79,Procession in Crypt,1927,M.C. Escher,https://uploads0.wikiart.org/images/m-c-escher/procession-in-crypt.jpg
57727110edc2cb3880c03dbc,Rome and the Griffin of Borgheses,1927,M.C. Escher,https://uploads5.wikiart.org/images/m-c-escher/rome-and-the-griffin-of-borgheses.jpg
57727114edc2cb3880c0428c,The Fall of Man,1927,M.C. Escher,https://uploads5.wikiart.org/images/m-c-escher/the-fall-of-man.jpg
57727206edc2cb3880c3932d,A panic in the Middle Ages,1927,Rene Magritte,https://uploads0.wikiart.org/images/rene-magritte/a-panic-in-the-middle-ages-1927(1).jpg
57727206edc2cb3880c39369,A taste of the invisible,1927,Rene Magritte,https://uploads7.wikiart.org/images/rene-magritte/a-taste-of-the-invisible-1927(1).jpg
57727208edc2cb3880c3970b,Discovery,1927,Rene Magritte,https://uploads1.wikiart.org/images/rene-magritte/discovery-1927(1).jpg
57727208edc2cb3880c39781,Faraway looks,1927,Rene Magritte,https://uploads0.wikiart.org/images/rene-magritte/faraway-looks(1).jpg
57727209edc2cb3880c3992d,Imp of the Perverse,1927,Rene Magritte,https://uploads2.wikiart.org/images/rene-magritte/imp-of-the-perverse-1927(1).jpg
5772720bedc2cb3880c39bbf,One night museum,1927,Rene Magritte,https://uploads8.wikiart.org/images/rene-magritte/one-night-museum-1927(1).jpg
57727215edc2cb3880c40507,The beneficial promise,1927,Rene Magritte,https://uploads5.wikiart.org/images/rene-magritte/the-beneficial-promise-1927(1).jpg
57727216edc2cb3880c405db,The comic spirit,1927,Rene Magritte,https://uploads8.wikiart.org/images/rene-magritte/the-comic-spirit-1927(1).jpg
57727216edc2cb3880c40615,The cultivation of Ideas,1927,Rene Magritte,https://uploads7.wikiart.org/images/rene-magritte/the-cultivation-of-ideas-1927(1).jpg
57727216edc2cb3880c40701,The double secret,1927,Rene Magritte,https://uploads0.wikiart.org/images/rene-magritte/the-double-secret-1927(1).jpg
57727217edc2cb3880c4078b,The end of contemplation,1927,Rene Magritte,https://uploads7.wikiart.org/images/rene-magritte/the-end-of-contemplation-1927(1).jpg
57727217edc2cb3880c40889,The female thief,1927,Rene Magritte,https://uploads8.wikiart.org/images/rene-magritte/the-female-thief-1927(1).jpg
57727217edc2cb3880c408af,The finery of the storm,1927,Rene Magritte,https://uploads6.wikiart.org/images/rene-magritte/the-finery-of-the-storm-1927(1).jpg
57727217edc2cb3880c40927,The forest,1927,Rene Magritte,https://uploads2.wikiart.org/images/rene-magritte/the-forest-1927(1).jpg
57727219edc2cb3880c40b31,The interpretation of dreams,1927,Rene Magritte,https://uploads2.wikiart.org/images/rene-magritte/the-interpretation-of-dreams-1927(1).jpg
57727219edc2cb3880c40cc9,The man of the sea,1927,Rene Magritte,https://uploads1.wikiart.org/images/rene-magritte/the-man-of-the-sea-1927(1).jpg
5772721aedc2cb3880c40d19,The meaning of night,1927,Rene Magritte,https://uploads3.wikiart.org/images/rene-magritte/the-meaning-of-night-1927(1).jpg
5772721aedc2cb3880c40d2d,The menaced assassin,1927,Rene Magritte,https://uploads0.wikiart.org/images/rene-magritte/the-menaced-assassin-1927.jpg
5772721aedc2cb3880c40d69,The muscles of the sky,1927,Rene Magritte,https://uploads5.wikiart.org/images/rene-magritte/the-muscles-of-the-sky-1927(1).jpg
5772721aedc2cb3880c40e35,The pipe,1927,Rene Magritte,https://uploads0.wikiart.org/images/rene-magritte/the-pipe-1927(1).jpg
5772721bedc2cb3880c40ee5,The reckless sleeper,1927,Rene Magritte,https://uploads3.wikiart.org/images/rene-magritte/the-reckless-sleeper-1927(1).jpg
5772721bedc2cb3880c40fbf,The secret player,1927,Rene Magritte,https://uploads0.wikiart.org/images/rene-magritte/the-secret-player-1927(1).jpg
5772721dedc2cb3880c41398,Young girl eating a bird (The pleasure),1927,Rene Magritte,https://uploads2.wikiart.org/images/rene-magritte/young-girl-eating-a-bird-the-pleasure-1927(1).jpg
5772737bedc2cb3880c8ab0e,Apparatus and Hand,1927,Salvador Dali,https://uploads7.wikiart.org/images/salvador-dali/apparatus-and-hand-1927.jpg
57727390edc2cb3880c8baca,Harlequin,1927,Salvador Dali,https://uploads7.wikiart.org/images/salvador-dali/harlequin-1927.jpg
57727390edc2cb3880c8bbad,Honey Is Sweeter Than Blood,1927,Salvador Dali,https://uploads7.wikiart.org/images/salvador-dali/honey-is-sweeter-than-blood-1(1).jpg
5772739eedc2cb3880c92a91,Nude Woman in an Armchair,1927,Salvador Dali,https://uploads0.wikiart.org/images/salvador-dali/nude-woman-in-an-armchair.jpg
57727402edc2cb3880ca64a4,Figure,1927,Pablo Picasso,https://uploads4.wikiart.org/images/pablo-picasso/figure-1927.jpg
57727415edc2cb3880cadb44,Painter and his model,1927,Pablo Picasso,https://uploads1.wikiart.org/images/pablo-picasso/painter-and-his-model-1927.jpg
57727423edc2cb3880caec6b,Studio,1927,Pablo Picasso,https://uploads8.wikiart.org/images/pablo-picasso/studio.jpg
57727423edc2cb3880caecdb,Study of Cannes,1927,Pablo Picasso,https://uploads4.wikiart.org/images/pablo-picasso/study-of-cannes-1927.jpg
577274e9edc2cb3880cce84f,Landscape (The Hare),1927,Joan Miro,https://uploads7.wikiart.org/images/joan-miro/landscape-the-hare.jpg
577274e9edc2cb3880cce85f,Landscape with Snake,1927,Joan Miro,https://uploads0.wikiart.org/images/joan-miro/landscape-with-snake.jpg
577274ebedc2cb3880cceb80,Composition,1927,Joan Miro,https://uploads8.wikiart.org/images/joan-miro/not_detected_227971.jpg
577274ecedc2cb3880ccecc2,Painting,1927,Joan Miro,https://uploads6.wikiart.org/images/joan-miro/painting.jpg
577274eeedc2cb3880ccef12,The Circus House,1927,Joan Miro,https://uploads5.wikiart.org/images/joan-miro/the-circus-house.jpg
577274eeedc2cb3880ccf05b,Tirador in the Arc,1927,Joan Miro,https://uploads7.wikiart.org/images/joan-miro/tirador-in-the-arc.jpg
5772763aedc2cb3880d0b874,A Night of Love,1927,Max Ernst,https://uploads0.wikiart.org/images/max-ernst/a-night-of-love-1927.jpg
5772763aedc2cb3880d0b8d4,After Us Motherhood,1927,Max Ernst,https://uploads4.wikiart.org/images/max-ernst/after-us-motherhood-1927.jpg
5772763bedc2cb3880d0b9c0,Cage  Forest and Black Sun Cage,1927,Max Ernst,https://uploads6.wikiart.org/images/max-ernst/cage-forest-and-black-sun-cage-1927.jpg
5772763bedc2cb3880d0b9e8,Child  Horse  Flower and Snake,1927,Max Ernst,https://uploads4.wikiart.org/images/max-ernst/child-horse-flower-and-snake-1927.jpg
5772763cedc2cb3880d0bc3b,Fishbone Forest,1927,Max Ernst,https://uploads0.wikiart.org/images/max-ernst/fishbone-forest-1927.jpg
5772763dedc2cb3880d0bcbb,Forest,1927,Max Ernst,https://uploads0.wikiart.org/images/max-ernst/forest-1927.jpg
5772763dedc2cb3880d0bccf,Forest and Dove,1927,Max Ernst,https://uploads0.wikiart.org/images/max-ernst/forest-and-dove-1927.jpg
57727645edc2cb3880d0cc8b,Max Ernst Showing a Young Girl the Head of his Father,1927,Max Ernst,https://uploads6.wikiart.org/images/max-ernst/max-ernst-showing-a-young-girl-the-head-of-his-father.jpg
57727650edc2cb3880d135c0,The Gray Forest,1927,Max Ernst,https://uploads0.wikiart.org/images/max-ernst/the-gray-forest-1927.jpg
57727650edc2cb3880d1365a,The Kiss,1927,Max Ernst,https://uploads2.wikiart.org/images/max-ernst/the-kiss-1927.jpg
57727651edc2cb3880d1387d,Vision Induced by the Nocturnal Aspect of the Porte St. Denis,1927,Max Ernst,https://uploads0.wikiart.org/images/max-ernst/vision-induced-by-the-nocturnal-aspect-of-the-porte-st-denis-1927.jpg
577276b1edc2cb3880d27208,Breasts,1924-1927,Francis Picabia,https://uploads2.wikiart.org/images/francis-picabia/breasts.jpg
577276b1edc2cb3880d27238,Carnaval,1924-1927,Francis Picabia,https://uploads3.wikiart.org/images/francis-picabia/carnaval.jpg
577276b2edc2cb3880d27358,Idyll,1924-1927,Francis Picabia,https://uploads5.wikiart.org/images/francis-picabia/idyll-1927.jpg
577277bbedc2cb3880d58823,Configuration,1927,Jean Arp,https://uploads1.wikiart.org/images/jean-arp/configuration.jpg
57727f45edc2cb3880ed8092,Avant le festin,1927,Georges Papazoff,https://uploads1.wikiart.org/images/georges-papazoff/avant-le-festin-1927(1).jpg
57727f45edc2cb3880ed8142,Untitled,1927,Georges Papazoff,https://uploads0.wikiart.org/images/georges-papazoff/untitled-1927.jpg
57727f74edc2cb3880ee0805,Atmosphere (L&#39;Atmosph&#232;re),1927,Jean Hugo,https://uploads8.wikiart.org/images/jean-hugo/atmosphere-l-atmosph-re-1927.jpg
57727f75edc2cb3880ee0967,Light (La Lumi&#232;re),1927,Jean Hugo,https://uploads1.wikiart.org/images/jean-hugo/light-la-lumi-re-1927.jpg
57727f75edc2cb3880ee0987,Magic Mirror (Le miroir magique),1927,Jean Hugo,https://uploads6.wikiart.org/images/jean-hugo/magic-mirror-le-miroir-magique-1927.jpg
57727fa0edc2cb3880eea5aa,Evropa,1927,Josef Sima,https://uploads8.wikiart.org/images/josef-ma/evropa-1927.jpg
57727fa1edc2cb3880eea71a,Vejce,1927,Josef Sima,https://uploads7.wikiart.org/images/josef-ma/vejce-1927.jpg
57727fb1edc2cb3880eec0f3,Battle of the Fishes,1927,Andre Masson,https://uploads3.wikiart.org/images/andre-masson/battle-of-the-fishes.jpg
57727fb8edc2cb3880eecb1f,Nautilus,1927,Edward Weston,https://uploads6.wikiart.org/images/edward-weston/nautilus-1927.jpg
57727fb9edc2cb3880eecb7f,Shell,1927,Edward Weston,https://uploads3.wikiart.org/images/edward-weston/shell-1927.jpg
57727fb9edc2cb3880eecb9f,Shell,1927,Edward Weston,https://uploads6.wikiart.org/images/edward-weston/shell-1927(1).jpg
577284aaedc2cb3880fe86f1,Portrait of Claude Sernet,1927,Victor Brauner,https://uploads6.wikiart.org/images/victor-brauner/portrait-of-claude-sernet-1927.jpg
57728594edc2cb388001947c,Composition,1927,Leon Arthur Tutundjian,https://uploads0.wikiart.org/images/leon-arthur-tutundjian/composition-1927.jpg
57728595edc2cb38800194ac,Composition abstraite,1927,Leon Arthur Tutundjian,https://uploads1.wikiart.org/images/leon-arthur-tutundjian/composition-abstraite-1927.jpg
57728595edc2cb38800194bc,Composition cellulaire au cercle rouge,1927,Leon Arthur Tutundjian,https://uploads3.wikiart.org/images/leon-arthur-tutundjian/composition-cellulaire-au-cercle-rouge-1927(1).jpg
5772864fedc2cb388003b02b,Gasteropoda,1927,Edward Wadsworth,https://uploads6.wikiart.org/images/edward-wadsworth/gasteropoda-1927(1).jpg
5772866fedc2cb3880043461,Painting (Head),1927,Joan Miro,https://uploads7.wikiart.org/images/joan-miro/painting-head-1927.jpg
5772866fedc2cb3880043471,Painting,1927,Joan Miro,https://uploads2.wikiart.org/images/joan-miro/painting-1927.jpg
577286ddedc2cb38800581c2,Le grand bateau,1927,Pierre Roy,https://uploads1.wikiart.org/images/pierre-roy/le-grand-bateau-1927.jpg
57728939edc2cb38800d1c63,Drago,1927,Xul Solar,https://uploads8.wikiart.org/images/xul-solar/drago-1927.jpg
57728939edc2cb38800d1ca3,Puerto Azul,1927,Xul Solar,https://uploads5.wikiart.org/images/xul-solar/puerto-azul-1927.jpg
5c183e87edc2c90c68f90832,The Fair,1927,Maruja Mallo,https://uploads5.wikiart.org/00215/images/maruja-mallo/as01985.jpg
5c3db050edc2c913605cfcec,DESNUDO SURREALISTA,1927,Maruja Mallo,https://uploads4.wikiart.org/00219/images/maruja-mallo/desnudo-surrealista-1927.jpg
577280acedc2cb3880f1e82a,Col&#233;re serpentine,XX cent.,Pierre Alechinsky,https://uploads5.wikiart.org/images/pierre-alechinsky/col-re-serpentine.jpg
577280acedc2cb3880f1e84a,De toutes parts,XX cent.,Pierre Alechinsky,https://uploads3.wikiart.org/images/pierre-alechinsky/de-toutes-parts.jpg
577280aeedc2cb3880f1ec0a,One Stone  Two Passes,XX cent.,Pierre Alechinsky,https://uploads8.wikiart.org/images/pierre-alechinsky/one-stone-two-passes.jpg
577280aeedc2cb3880f1ec8a,Plate (folio 5) from Schismes,XX cent.,Pierre Alechinsky,https://uploads6.wikiart.org/images/pierre-alechinsky/plate-folio-5-from-schismes.jpg
577280b4edc2cb3880f1f4d2,The Amazon unconscious,XX cent.,Pierre Alechinsky,https://uploads1.wikiart.org/images/pierre-alechinsky/the-amazon-unconscious.jpg
577280b6edc2cb3880f1f712,Vocabulaire I,XX cent.,Pierre Alechinsky,https://uploads1.wikiart.org/images/pierre-alechinsky/vocabulaire-i.jpg
577280bdedc2cb3880f23e2f,Vocabulaire II,XX cent.,Pierre Alechinsky,https://uploads2.wikiart.org/images/pierre-alechinsky/vocabulaire-ii.jpg
57726e53edc2cb3880b6ac44,Phantoms,1928,Yves Tanguy,https://uploads4.wikiart.org/images/yves-tanguy/phantoms-1928.jpg
57727101edc2cb3880c027fd,Calanques de&#160;Piana,1928,M.C. Escher,https://uploads8.wikiart.org/images/m-c-escher/calanques-de-piana.jpg
57727101edc2cb3880c0282d,Castle in the Air,1928,M.C. Escher,https://uploads7.wikiart.org/images/m-c-escher/castle-in-the-air.jpg
57727102edc2cb3880c028cf,Citadel of Calvi Corsica,1928,M.C. Escher,https://uploads5.wikiart.org/images/m-c-escher/citadel-of-calvi-corsica.jpg
57727104edc2cb3880c02c5f,Fara San Martino  Abruzzi,1928,M.C. Escher,https://uploads5.wikiart.org/images/m-c-escher/fara-san-martino-abruzzi.jpg
57727114edc2cb3880c0432c,Tower of Babel,1928,M.C. Escher,https://uploads4.wikiart.org/images/m-c-escher/tower-of-babel.jpg
57727206edc2cb3880c39391,Adulation of space,1928,Rene Magritte,https://uploads5.wikiart.org/images/rene-magritte/adulation-of-space(1).jpg
57727207edc2cb3880c394f9,Attempting the Impossible,1928,Rene Magritte,https://uploads8.wikiart.org/images/rene-magritte/attempting-the-impossible-1928(1).jpg
5772720aedc2cb3880c39955,Intermission,1928,Rene Magritte,https://uploads4.wikiart.org/images/rene-magritte/intermission-1928(1).jpg
5772720aedc2cb3880c399f3,Man reading a newspaper,1928,Rene Magritte,https://uploads6.wikiart.org/images/rene-magritte/man-reading-a-newspaper-1928(1).jpg
5772720bedc2cb3880c39b57,The Perfume of the Abyss,1928,Rene Magritte,https://uploads3.wikiart.org/images/rene-magritte/not_detected_211402.jpg
57727214edc2cb3880c4035d,Secret Life IV,1928,Rene Magritte,https://uploads6.wikiart.org/images/rene-magritte/secret-life-iv-1928(1).jpg
57727215edc2cb3880c4041d,Swift Hope,1928,Rene Magritte,https://uploads2.wikiart.org/images/rene-magritte/swift-hope-1928(1).jpg
57727215edc2cb3880c40443,The Acrobat&#39;s Exercises,1928,Rene Magritte,https://uploads6.wikiart.org/images/rene-magritte/the-acrobat-s-exercises-1928(1).jpg
57727216edc2cb3880c40651,The delights of landscape,1928,Rene Magritte,https://uploads8.wikiart.org/images/rene-magritte/the-delights-of-landscape-1928(1).jpg
57727216edc2cb3880c4068d,The disguised symbol,1928,Rene Magritte,https://uploads3.wikiart.org/images/rene-magritte/the-disguised-symbol-1928(1).jpg
57727216edc2cb3880c40777,The empty mask,1928,Rene Magritte,https://uploads6.wikiart.org/images/rene-magritte/the-empty-mask-1928(1).jpg
57727217edc2cb3880c40839,The false mirror,1928,Rene Magritte,https://uploads8.wikiart.org/images/rene-magritte/the-false-mirror-1928(1).jpg
57727217edc2cb3880c4084d,The familiar objects,1928,Rene Magritte,https://uploads3.wikiart.org/images/rene-magritte/the-familiar-objects-1928(1).jpg
57727217edc2cb3880c408ff,The flood,1928,Rene Magritte,https://uploads1.wikiart.org/images/rene-magritte/the-flood-1928(1).jpg
57727218edc2cb3880c40a5b,The heart of the matter,1928,Rene Magritte,https://uploads6.wikiart.org/images/rene-magritte/the-heart-of-the-matter-1928(1).jpg
57727218edc2cb3880c40abd,The hunters at the edge of night,1928,Rene Magritte,https://uploads6.wikiart.org/images/rene-magritte/the-hunters-at-the-edge-of-night-1928(1).jpg
57727219edc2cb3880c40b43,The invention of life,1928,Rene Magritte,https://uploads4.wikiart.org/images/rene-magritte/the-invention-of-life-1928(1).jpg
57727219edc2cb3880c40c05,The lining of sleep,1928,Rene Magritte,https://uploads2.wikiart.org/images/rene-magritte/the-lining-of-sleep-1928(1).jpg
57727219edc2cb3880c40c7b,The lovers,1928,Rene Magritte,https://uploads2.wikiart.org/images/rene-magritte/the-lovers-1928(1).jpg
57727219edc2cb3880c40c8f,The Lovers,1928,Rene Magritte,https://uploads4.wikiart.org/images/rene-magritte/the-lovers-1928-1(1).jpg
5772721aedc2cb3880c40deb,The obsession,1928,Rene Magritte,https://uploads5.wikiart.org/images/rene-magritte/the-obsession-1928(1).jpg
5772721bedc2cb3880c41023,The six elements,1928,Rene Magritte,https://uploads8.wikiart.org/images/rene-magritte/the-six-elements-1928(1).jpg
5772721cedc2cb3880c41099,The submissive reader,1928,Rene Magritte,https://uploads4.wikiart.org/images/rene-magritte/the-submissive-reader-1928(1).jpg
5772721cedc2cb3880c410c1,The symmetrical trick,1928,Rene Magritte,https://uploads4.wikiart.org/images/rene-magritte/the-symmetrical-trick-1928(1).jpg
5772721cedc2cb3880c41123,The titanic days,1928,Rene Magritte,https://uploads8.wikiart.org/images/rene-magritte/the-titanic-days-1928(1).jpg
5772721dedc2cb3880c41224,The voice of space,1928,Rene Magritte,https://uploads1.wikiart.org/images/rene-magritte/the-voice-of-space-1928(1).jpg
5772721dedc2cb3880c41238,The voice of space,1928,Rene Magritte,https://uploads3.wikiart.org/images/rene-magritte/the-voice-of-space-1928-1(1).jpg
5772737fedc2cb3880c8ae34,Big Thumb. Beach. Moon and Decaying Bird,1928,Salvador Dali,https://uploads4.wikiart.org/images/salvador-dali/big-thumb-beach-moon-and-decaying-bird.jpg
5772737fedc2cb3880c8ae44,Bird,1928,Salvador Dali,https://uploads6.wikiart.org/images/salvador-dali/bird.jpg
57727383edc2cb3880c8b0e4,Composition,1928,Salvador Dali,https://uploads4.wikiart.org/images/salvador-dali/composition.jpg
57727389edc2cb3880c8b654,Female Bather,1928,Salvador Dali,https://uploads6.wikiart.org/images/salvador-dali/female-bather.jpg
57727389edc2cb3880c8b664,Female Nude,1928,Salvador Dali,https://uploads4.wikiart.org/images/salvador-dali/female-nude.jpg
57727397edc2cb3880c920e3,Inaugural Gooseflesh,1928,Salvador Dali,https://uploads4.wikiart.org/images/salvador-dali/inaugural-gooseflesh.jpg
57727399edc2cb3880c92413,Little Cinders (Senicitas),1927-1928,Salvador Dali,https://uploads4.wikiart.org/images/salvador-dali/little-cinders-senicitas-1928.jpg
5772739eedc2cb3880c92ab1,Ocell. Peix,1927-1928,Salvador Dali,https://uploads8.wikiart.org/images/salvador-dali/ocell-peix-1928.jpg
577273a6edc2cb3880c93664,Shell,1928,Salvador Dali,https://uploads7.wikiart.org/images/salvador-dali/shell.jpg
577273a6edc2cb3880c93727,Soft Nude (Nude Watch),1928,Salvador Dali,https://uploads4.wikiart.org/images/salvador-dali/soft-nude-nude-watch.jpg
577273a9edc2cb3880c93af7,Sun,1928,Salvador Dali,https://uploads5.wikiart.org/images/salvador-dali/sun.jpg
577273a9edc2cb3880c93bd7,Symbiotic Woman-Animal,1928,Salvador Dali,https://uploads6.wikiart.org/images/salvador-dali/symbiotic-woman-animal.jpg
577273aaedc2cb3880c93ca7,The Bather,1928,Salvador Dali,https://uploads3.wikiart.org/images/salvador-dali/the-bather.jpg
577273aeedc2cb3880c9436a,The Ram (The Spectral Cow),1928,Salvador Dali,https://uploads8.wikiart.org/images/salvador-dali/the-ram-the-spectral-cow.jpg
577273aeedc2cb3880c9437a,The Rotting Bird,1928,Salvador Dali,https://uploads0.wikiart.org/images/salvador-dali/the-rotting-bird.jpg
577273aeedc2cb3880c9438a,The Rotting Donkey,1928,Salvador Dali,https://uploads2.wikiart.org/images/salvador-dali/the-rotting-donkey.jpg
577273aeedc2cb3880c9444a,The Spectral Cow,1928,Salvador Dali,https://uploads5.wikiart.org/images/salvador-dali/the-spectral-cow-1928.jpg
577273b1edc2cb3880c948ad,Unsatisfied Desires,1928,Salvador Dali,https://uploads8.wikiart.org/images/salvador-dali/unsatisfied-desires-1928.jpg
577273faedc2cb3880ca58e1,Ballplayers on the beach,1928,Pablo Picasso,https://uploads4.wikiart.org/images/pablo-picasso/ballplayers-on-the-beach-1928.jpg
577273faedc2cb3880ca5911,Bather,1928,Pablo Picasso,https://uploads4.wikiart.org/images/pablo-picasso/bather-1928.jpg
577273faedc2cb3880ca5941,Bather opening a cabin,1928,Pablo Picasso,https://uploads2.wikiart.org/images/pablo-picasso/bather-opening-a-cabin-1928.jpg
577273fbedc2cb3880ca59a1,Bathers on the beach,1928,Pablo Picasso,https://uploads0.wikiart.org/images/pablo-picasso/bathers-on-the-beach-1928.jpg
57727415edc2cb3880cadad4,On the beach  Dinard,1928,Pablo Picasso,https://uploads8.wikiart.org/images/pablo-picasso/on-the-beach-dinard-1928.jpg
57727415edc2cb3880cadb54,Painter and his model,1928,Pablo Picasso,https://uploads1.wikiart.org/images/pablo-picasso/painter-and-his-model-1928.jpg
57727426edc2cb3880caf28e,The Studio,1928,Pablo Picasso,https://uploads8.wikiart.org/images/pablo-picasso/the-studio-1928.jpg
577274e8edc2cb3880cce71f,Dutch Interior,1928,Joan Miro,https://uploads3.wikiart.org/images/joan-miro/dutch-interior.jpg
577274e8edc2cb3880cce72f,Dutch Interior I,1928,Joan Miro,https://uploads5.wikiart.org/images/joan-miro/dutch-interior-i.jpg
